Date,Name,Year,Letterboxd URI,Rating,Rewatch,Tags,Watched Date
2024-12-04,The Greatest Showman,2017,https://boxd.it/7XNbWb,,Yes,,2018-01-01
2024-12-04,Schindler's List,1993,https://boxd.it/7XNbWl,,,,2018-01-01
2024-12-04,Shoot the Piano Player,1960,https://boxd.it/7XNbWv,,,,2018-01-01
2024-12-04,Inglourious Basterds,2009,https://boxd.it/7XNbWF,,,,2018-01-01
2024-12-04,The Book Thief,2013,https://boxd.it/7XNbWP,,,,2018-01-01
2024-12-04,Fifty Shades Freed,2018,https://boxd.it/7XNbWZ,,Yes,,2018-01-01
2024-12-04,Fifty Shades Darker,2017,https://boxd.it/7XNbX9,,,,2018-01-01
2024-12-04,The Florida Project,2017,https://boxd.it/7XNbXj,,,,2018-01-01
2024-12-04,The Shape of Water,2017,https://boxd.it/7XNbXt,,,,2018-01-01
2024-12-04,The Shining,1980,https://boxd.it/7XNbXD,,,,2018-01-01
2024-12-04,Life Is Rosy,1987,https://boxd.it/7XNbXN,,,,2018-01-01
2024-12-04,A Monkey in Winter,1962,https://boxd.it/7XNbXX,,,,2018-01-01
2024-12-04,Baywatch,2017,https://boxd.it/7XNbY7,,,,2018-01-01
2024-12-04,Le Gendarme de Saint-Tropez,1964,https://boxd.it/7XNbYh,,,,2018-01-01
2024-12-04,The Gendarme in New York,1965,https://boxd.it/7XNbYr,,,,2018-01-01
2024-12-04,The Gendarme Gets Married,1968,https://boxd.it/7XNbYB,,,,2018-01-01
2024-12-04,The Gendarme Takes Off,1970,https://boxd.it/7XNbYL,,,,2018-01-01
2024-12-04,The Gendarme and the Creatures from Outer Space,1979,https://boxd.it/7XNbYV,,,,2018-01-01
2024-12-04,The Gendarme and the Gendarmettes,1982,https://boxd.it/7XNbZ5,,,,2018-01-01
2024-12-04,Taxi 3,2003,https://boxd.it/7XNbZf,,,,2018-01-01
2024-12-04,Avengers: Infinity War,2018,https://boxd.it/7XNbZp,,,,2018-01-01
2024-12-04,Promise at Dawn,2017,https://boxd.it/7XNbZz,,,,2018-01-01
2024-12-04,Black Panther,2018,https://boxd.it/7XNc0d,,,,2018-01-01
2024-12-04,Food Choices,2016,https://boxd.it/7XNc0n,,,,2018-01-01
2024-12-04,Cowspiracy: The Sustainability Secret,2014,https://boxd.it/7XNc0x,,,,2018-01-01
2024-12-04,Incredibles 2,2018,https://boxd.it/7XNc0H,,,,2018-01-01
2024-12-04,Bram Stoker's Dracula,1992,https://boxd.it/7XNc0R,,,,2018-01-01
2024-12-04,Deadpool 2,2018,https://boxd.it/7XNc11,,,,2018-01-01
2024-12-04,Ready Player One,2018,https://boxd.it/7XNc1b,,,,2018-01-01
2024-12-04,Léon: The Professional,1994,https://boxd.it/7XNc1l,,,,2018-01-01
2024-12-04,99 Francs,2007,https://boxd.it/7XNc1v,,,,2018-01-01
2024-12-04,The Wave,2008,https://boxd.it/7XNc1F,,,,2018-01-01
2024-12-04,Solo: A Star Wars Story,2018,https://boxd.it/7XNc1P,,,,2018-01-01
2024-12-04,Professor Marston and the Wonder Women,2017,https://boxd.it/7XNc1Z,,,,2018-01-01
2024-12-04,A Star Is Born,2018,https://boxd.it/7XNc29,,Yes,,2018-01-01
2024-12-04,The Graduate,1967,https://boxd.it/7XNc2j,,,,2018-01-01
2024-12-04,Fantastic Beasts: The Secrets of Dumbledore,2022,https://boxd.it/7XNc2t,,,,2018-01-01
2024-12-04,The Bohemian,2022,https://boxd.it/7XNc2D,,,,2018-01-01
2024-12-04,Fantastic Beasts: The Crimes of Grindelwald,2018,https://boxd.it/7XNbQR,,,,2019-01-01
2024-12-04,Fatima,2020,https://boxd.it/7XNbR1,,,,2019-01-01
2024-12-04,The Silence of the Lambs,1991,https://boxd.it/7XNbRb,,,,2019-01-01
2024-12-04,How we made Asterix & Obelix: Mission Cleopatra,2002,https://boxd.it/7XNbRv,,Yes,,2019-01-01
2024-12-04,Edward Scissorhands,1990,https://boxd.it/7XNbRF,,Yes,,2019-01-01
2024-12-04,Captain Marvel,2019,https://boxd.it/7XNbRP,,,,2019-01-01
2024-12-04,Steve Jobs,2015,https://boxd.it/7XNbRZ,,,,2019-01-01
2024-12-04,Shazam!,2019,https://boxd.it/7XNbS9,,,,2019-01-01
2024-12-04,La Belle Verte,1996,https://boxd.it/7XNbSj,,,,2019-01-01
2024-12-04,Dirty Dancing,1987,https://boxd.it/7XNbSt,,Yes,,2019-01-01
2024-12-04,Cop or Hood,1979,https://boxd.it/7XNbSD,,,,2019-01-01
2024-12-04,Fear City: A Family-Style Comedy,1994,https://boxd.it/7XNbSN,,,,2019-01-01
2024-12-04,Don't Look Now... We're Being Shot At!,1966,https://boxd.it/7XNbSX,,,,2019-01-01
2024-12-04,Parasite,2019,https://boxd.it/7XNbT7,,,,2019-01-01
2024-12-04,Spider-Man: Far From Home,2019,https://boxd.it/7XNbTh,,,,2019-01-01
2024-12-04,"OSS 117: Cairo, Nest of Spies",2006,https://boxd.it/7XNbTr,,Yes,,2019-01-01
2024-12-04,Pocahontas,1995,https://boxd.it/7XNbTB,,,,2019-01-01
2024-12-04,The Hunchback of Notre Dame,1996,https://boxd.it/7XNbTL,,,,2019-01-01
2024-12-04,Harry Potter and the Order of the Phoenix,2007,https://boxd.it/7XNbTV,,,,2019-01-01
2024-12-04,Harry Potter and the Half-Blood Prince,2009,https://boxd.it/7XNbU5,,,,2019-01-01
2024-12-04,Harry Potter and the Deathly Hallows: Part 1,2010,https://boxd.it/7XNbUf,,,,2019-01-01
2024-12-04,Harry Potter and the Deathly Hallows: Part 2,2011,https://boxd.it/7XNbUp,,,,2019-01-01
2024-12-04,Le Roi Soleil,2006,https://boxd.it/7XNbUz,,,,2019-01-01
2024-12-04,"Mozart, l'Opéra Rock",2009,https://boxd.it/7XNbUJ,,,,2019-01-01
2024-12-04,OSS 117: Lost in Rio,2009,https://boxd.it/7XNbUT,,,,2019-01-01
2024-12-04,Fast & Furious Presents: Hobbs & Shaw,2019,https://boxd.it/7XNbV3,,,,2019-01-01
2024-12-04,Aquaman,2018,https://boxd.it/7XNbVd,,,,2019-01-01
2024-12-04,Once Upon a Time... in Hollywood,2019,https://boxd.it/7XNbVR,,,,2019-01-01
2024-12-04,Star Wars: The Rise of Skywalker,2019,https://boxd.it/7XNbW1,,,,2019-12-21
2024-12-04,Portrait of a Lady on Fire,2019,https://boxd.it/7XNbQx,,,,2020-01-01
2024-12-04,The Magical Legend of the Leprechauns,1999,https://boxd.it/7XNbQH,,,,2020-01-01
2024-12-04,Back to the Future,1985,https://boxd.it/7XNbQn,,,,2020-01-22
2024-12-04,Back to the Future Part III,1990,https://boxd.it/7XNbQd,,,,2020-01-23
2024-12-04,David et Madame Hansen,2012,https://boxd.it/7XNbQ3,,,,2020-01-26
2024-12-04,Veronika Decides to Die,2009,https://boxd.it/7XNbPT,,,,2020-01-29
2024-12-04,Snowden,2016,https://boxd.it/7XNbPJ,,,,2020-01-30
2024-12-04,Citizenfour,2014,https://boxd.it/7XNbPz,,,,2020-02-01
2024-12-04,Unbreakable,2000,https://boxd.it/7XNbPp,,,,2020-02-08
2024-12-04,The Irishman,2019,https://boxd.it/7XNbPf,,,,2020-02-13
2024-12-04,Split,2016,https://boxd.it/7XNbP5,,,,2020-02-22
2024-12-04,La Vie en Rose,2007,https://boxd.it/7XNbOV,,,,2020-02-27
2024-12-04,Match Point,2005,https://boxd.it/7XNbOL,,,,2020-02-28
2024-12-04,On a Magical Night,2019,https://boxd.it/7XNbOr,,,,2020-03-02
2024-12-04,Alice and the Mayor,2019,https://boxd.it/7XNbOB,,,,2020-03-02
2024-12-04,"Général Soleimani, le stratège de l'Iran",2021,https://boxd.it/7XNbOh,,,,2020-03-03
2024-12-04,Glass,2019,https://boxd.it/7XNbO7,,,,2020-03-05
2024-12-04,The Voices,2014,https://boxd.it/7XNbNX,,,,2020-03-16
2024-12-04,Jiro Dreams of Sushi,2011,https://boxd.it/7XNbNN,,,,2020-03-24
2024-12-04,Dofus - Book I: Julith,2015,https://boxd.it/7XNbND,,,,2020-03-28
2024-12-04,The Human Condition II: Road to Eternity,1959,https://boxd.it/7XNbNt,,Yes,,2020-04-12
2024-12-04,The Human Condition II: Road to Eternity,1959,https://boxd.it/7XNbNj,,,,2020-04-17
2024-12-04,Ravenous,1999,https://boxd.it/7XNbMZ,,,,2020-04-19
2024-12-04,The Human Condition III: A Soldier's Prayer,1961,https://boxd.it/7XNbN9,,,,2020-04-19
2024-12-04,Jack and the Cuckoo-Clock Heart,2013,https://boxd.it/7XNbMv,,,,2020-05-07
2024-12-04,Corpse Bride,2005,https://boxd.it/7XNbMl,,,,2020-06-03
2024-12-04,Perfume: The Story of a Murderer,2006,https://boxd.it/7XNbMb,,,,2020-07-11
2024-12-04,The Cabbage Soup,1981,https://boxd.it/7XNbM1,,,,2020-07-26
2024-12-04,The Dinner Game,1998,https://boxd.it/7XNbLR,,,,2020-07-27
2024-12-04,The Emperor's New Groove,2000,https://boxd.it/7XNbLH,,,,2020-08-05
2024-12-04,Romantics Anonymous,2010,https://boxd.it/7XNbLx,,,,2020-09-01
2024-12-04,Marriage Story,2019,https://boxd.it/7XNbLn,,,,2020-09-25
2024-12-04,Some Like It Hot,1959,https://boxd.it/7XNbLd,,,,2020-10-10
2024-12-04,Bird Thongchai Concert #3/1990 Boomerang Man,1990,https://boxd.it/7XNbL3,,,,2020-10-11
2024-12-04,The Wing or the Thigh?,1976,https://boxd.it/7XNbKT,,,,2020-10-13
2024-12-04,The Son,2022,https://boxd.it/7XNbKz,,,,2020-10-14
2024-12-04,Midnight Express,1978,https://boxd.it/7XNbKp,,,,2020-10-15
2024-12-04,Léon: The Professional,1994,https://boxd.it/7XNbKf,,,,2020-10-16
2024-12-04,There Will Be Blood,2007,https://boxd.it/7XNbK5,,,,2020-10-18
2024-12-04,Michael Douglas: The Prodigal Son,2023,https://boxd.it/7XNbJV,,,,2020-10-31
2024-12-04,Once Upon a Time… A Clockwork Orange,2011,https://boxd.it/7XNbJL,,,,2020-11-08
2024-12-04,The Cow and I,1959,https://boxd.it/7XNbJB,,,,2020-12-10
2024-12-04,Pitch Perfect,2012,https://boxd.it/7XNbJh,,,,2020-12-15
2024-12-04,Notting Hill,1999,https://boxd.it/7XNbJr,,,,2020-12-15
2024-12-04,"Crazy, Stupid, Love.",2011,https://boxd.it/7XNbJ7,,,,2020-12-16
2024-12-04,Silver Linings Playbook,2012,https://boxd.it/7XNbIX,,,,2020-12-17
2024-12-04,An Easy Girl,2019,https://boxd.it/7XNbIN,,,,2020-12-18
2024-12-04,The Breakfast Club,1985,https://boxd.it/7XNbHP,,Yes,,2020-12-19
2024-12-04,28 Days,2000,https://boxd.it/7XNbHZ,,,,2020-12-19
2024-12-04,Sixteen Candles,1984,https://boxd.it/7XNbHv,,,,2020-12-22
2024-12-04,La Traversée de Paris,1956,https://boxd.it/7XNbHF,,,,2020-12-22
2024-12-04,Ghost,1990,https://boxd.it/7XNbnl,,,,2020-12-24
2024-12-04,The Breakfast Club,1985,https://boxd.it/7XNbCl,,Yes,,2020-12-28
2024-12-04,Eternal Sunshine of the Spotless Mind,2004,https://boxd.it/7XNbHl,,,,2020-12-28
2024-12-04,What's Eating Gilbert Grape,1993,https://boxd.it/7XNbHb,,,,2021-01-02
2024-12-04,Pretty in Pink,1986,https://boxd.it/7XNbH1,,,,2021-01-03
2024-12-04,Gangs of New York,2002,https://boxd.it/7XNbGR,,,,2021-01-09
2024-12-04,Catch Me If You Can,2002,https://boxd.it/7XNbGx,,,,2021-04-15
2024-12-04,Porco Rosso,1992,https://boxd.it/7XNbGH,,,,2021-04-15
2024-12-04,Love Songs,2007,https://boxd.it/7XNbGn,,,,2021-05-23
2024-12-04,What If,2013,https://boxd.it/7XNbGd,,Yes,,2021-05-28
2024-12-04,No Reservations,2007,https://boxd.it/7XNbFT,,,,2021-06-05
2024-12-04,Bye Bye Morons,2020,https://boxd.it/7XNbG3,,Yes,,2021-06-05
2024-12-04,Smart Ass,2014,https://boxd.it/7XNbFJ,,,,2021-06-29
2024-12-04,Nelly and Monsieur Arnaud,1995,https://boxd.it/7XNbFz,,,,2021-07-03
2024-12-04,The Blind Side,2009,https://boxd.it/7XNbFp,,,,2021-07-08
2024-12-04,Gainsbourg: A Heroic Life,2010,https://boxd.it/7XNbFf,,,,2021-07-10
2024-12-04,Youth,2015,https://boxd.it/7XNbF5,,,,2021-07-12
2024-12-04,The Piano Teacher,2001,https://boxd.it/7XNbEB,,,,2021-07-14
2024-12-04,Blind Date,1987,https://boxd.it/7XNbEV,,,,2021-07-14
2024-12-04,Sur la route d'Okinawa,2009,https://boxd.it/7XNbEL,,,,2021-07-15
2024-12-04,Black Widow,2021,https://boxd.it/7XNbEr,,,,2021-07-17
2024-12-04,Kaamelott: The First Chapter,2021,https://boxd.it/7XNbEh,,Yes,,2021-07-21
2024-12-04,Two Friends,1986,https://boxd.it/7XNbE7,,,,2021-09-12
2024-12-04,Princess Mononoke,1997,https://boxd.it/7XNbDD,,,,2021-09-19
2024-12-04,The Gilded Cage,2013,https://boxd.it/7XNbDt,,,,2021-10-09
2024-12-04,Blindness,2008,https://boxd.it/7XNbDj,,,,2021-10-29
2024-12-04,Snatch,2000,https://boxd.it/7XNbD9,,,,2021-12-03
2024-12-04,Le Deal mexicain,1980,https://boxd.it/7XNbCZ,,,,2021-12-04
2024-12-04,La La Land,2016,https://boxd.it/7XNbCP,,,,2021-12-11
2024-12-04,Spider-Man: No Way Home,2021,https://boxd.it/7XNbCF,,,,2021-12-15
2024-12-04,8 Mile,2002,https://boxd.it/7XNbCv,,,,2021-12-22
2024-12-04,Don't Look Up,2021,https://boxd.it/7XNbC1,,,,2022-01-02
2024-12-04,Shutter Island,2010,https://boxd.it/7XNbBR,,,,2022-01-03
2024-12-04,OSS 117: Lost in Rio,2009,https://boxd.it/7XNbBH,,,,2022-01-06
2024-12-04,"OSS 117: Cairo, Nest of Spies",2006,https://boxd.it/7XNbBx,,,,2022-01-07
2024-12-04,Kaamelott: The First Chapter,2021,https://boxd.it/7XNbBd,,,,2022-01-08
2024-12-04,OSS 117: From Africa with Love,2021,https://boxd.it/7XNbBn,,,,2022-01-08
2024-12-04,How we made Asterix & Obelix: Mission Cleopatra,2002,https://boxd.it/7XNbB3,,,,2022-01-11
2024-12-04,The League of Extraordinary Gentlemen,2003,https://boxd.it/7XNbAT,,,,2022-02-11
2024-12-04,(LA) FUREUR DE VIVRE,,https://boxd.it/7XNbAz,,,,2022-02-24
2024-12-04,Batman,1989,https://boxd.it/7XNbAf,,,,2022-03-05
2024-12-04,The Batman,2022,https://boxd.it/7XNbAp,,,,2022-03-05
2024-12-04,Bye Bye Morons,2020,https://boxd.it/7XNbA5,,,,2022-03-06
2024-12-04,Asterix & Obelix: Mission Cleopatra,2002,https://boxd.it/7XNbzV,,,,2022-03-18
2024-12-04,The Fisher King,1991,https://boxd.it/7XNbzB,,,,2022-03-26
2024-12-04,Rust and Bone,2012,https://boxd.it/7XNbzL,,,,2022-03-26
2024-12-04,Martin Eden,2019,https://boxd.it/7XNbzr,,,,2022-04-06
2024-12-04,I Do,2006,https://boxd.it/7XNbyX,,,,2022-04-10
2024-12-04,Meet Joe Black,1998,https://boxd.it/7XNbyD,,,,2022-04-12
2024-12-04,Samba,2014,https://boxd.it/7XNbyN,,,,2022-04-12
2024-12-04,American Beauty,1999,https://boxd.it/7XNbyt,,,,2022-04-16
2024-12-04,Lost in Translation,2003,https://boxd.it/7XNby9,,,,2022-04-17
2024-12-04,La Femme Nikita,1990,https://boxd.it/7XNbyj,,,,2022-04-17
2024-12-04,Summer of 85,2020,https://boxd.it/7XNbxP,,,,2022-04-18
2024-12-04,The Umbrellas of Cherbourg,1964,https://boxd.it/7XNbxF,,Yes,,2022-04-23
2024-12-04,The Big Lebowski,1998,https://boxd.it/7XNbxv,,,,2022-04-29
2024-12-04,The Batman,2022,https://boxd.it/7XNbxl,,,,2022-05-02
2024-12-04,Amélie,2001,https://boxd.it/7XNbx1,,,,2022-05-04
2024-12-04,Kick-Ass,2010,https://boxd.it/7XNbwR,,,,2022-05-26
2024-12-04,Batman Returns,1992,https://boxd.it/7XNbwx,,,,2022-05-29
2024-12-04,Dorian Gray,2009,https://boxd.it/7XNbwn,,,,2022-05-31
2024-12-04,Top Gun: Maverick,2022,https://boxd.it/7XNbwd,,,,2022-06-10
2024-12-04,Top Gun,1986,https://boxd.it/7XNbw3,,,,2022-07-02
2024-12-04,Thor: Love and Thunder,2022,https://boxd.it/7XNbvT,,,,2022-07-17
2024-12-04,Le Brio,2017,https://boxd.it/7XNbvJ,,,,2022-08-02
2024-12-04,Dead Poets Society,1989,https://boxd.it/7XNbvp,,,,2022-08-04
2024-12-04,The Wannabes,2022,https://boxd.it/7XNbvz,,,,2022-08-04
2024-12-04,The Help,2011,https://boxd.it/7XNbvf,,,,2022-08-13
2024-12-04,Romeo + Juliet,1996,https://boxd.it/7XNbuV,,,,2022-08-14
2024-12-04,Interview with the Vampire,1994,https://boxd.it/7XNbuB,,,,2022-08-17
2024-12-04,Working Girl,1988,https://boxd.it/7XNbur,,,,2022-08-18
2024-12-04,The Breakfast Club,1985,https://boxd.it/7XNbuh,,,,2022-08-26
2024-12-04,Charlie and the Chocolate Factory,2005,https://boxd.it/7XNbtD,,,,2022-09-05
2024-12-04,Everything Everywhere All at Once,2022,https://boxd.it/7XNbtt,,,,2022-09-06
2024-12-04,Pretty Woman,1990,https://boxd.it/7XNbtj,,,,2022-09-07
2024-12-04,Runaway Bride,1999,https://boxd.it/7XNbt9,,,,2022-09-08
2024-12-04,When Harry Met Sally...,1989,https://boxd.it/7XNbsZ,,,,2022-09-20
2024-12-04,Pierrot le Fou,1965,https://boxd.it/7XNbsP,,,,2022-09-24
2024-12-04,Bridget Jones's Diary,2001,https://boxd.it/7XNbsF,,,,2022-09-25
2024-12-04,Blonde,2022,https://boxd.it/7XNbsv,,,,2022-10-01
2024-12-04,What If,2013,https://boxd.it/7XNbsl,,,,2022-10-05
2024-12-04,JFK,1991,https://boxd.it/7XNbsb,,,,2022-10-07
2024-12-04,Le soleil brille pour tout le monde mais les hommes préfèrent les blondes,2008,https://boxd.it/7XNbs1,,,,2022-10-09
2024-12-04,The Innocents,2021,https://boxd.it/7XNbrR,,,,2022-10-12
2024-12-04,The Crow: City of Angels,1996,https://boxd.it/7XNbrH,,,,2022-10-15
2024-12-04,The Boat That Rocked,2009,https://boxd.it/7XNbrx,,,,2022-10-18
2024-12-04,Pet Sematary,2019,https://boxd.it/7XNbrn,,,,2022-10-23
2024-12-04,Deep Red,1975,https://boxd.it/7XNbrd,,,,2022-10-29
2024-12-04,Anastasia,1997,https://boxd.it/7XNbr3,,,,2022-10-30
2024-12-04,French Fried Vacation,1978,https://boxd.it/7XNbqT,,,,2022-11-01
2024-12-04,The Proposal,2009,https://boxd.it/7XNbqJ,,,,2022-11-11
2024-12-04,Moulin Rouge!,2001,https://boxd.it/7XNbqz,,,,2022-11-22
2024-12-04,The Greatest Showman,2017,https://boxd.it/7XNbqp,,,,2022-11-26
2024-12-04,Nightmare Alley,2021,https://boxd.it/7XNbqf,,,,2022-11-28
2024-12-04,Drive,2011,https://boxd.it/7XNbq5,,,,2022-12-04
2024-12-04,Uncharted,2022,https://boxd.it/7XNbpV,,,,2022-12-05
2024-12-04,Home Alone 2: Lost in New York,1992,https://boxd.it/7XNbph,,Yes,,2022-12-10
2024-12-04,The Lord of the Rings: The Fellowship of the Ring,2001,https://boxd.it/7XNbp7,,,,2022-12-11
2024-12-04,The Lord of the Rings: The Two Towers,2002,https://boxd.it/7XNboX,,,,2022-12-16
2024-12-04,Avatar: The Way of Water,2022,https://boxd.it/7XNboD,,,,2022-12-17
2024-12-04,The Lord of the Rings: The Return of the King,2003,https://boxd.it/7XNboN,,,,2022-12-17
2024-12-04,The Hobbit: An Unexpected Journey,2012,https://boxd.it/7XNboj,,,,2022-12-23
2024-12-04,First Man,2018,https://boxd.it/7XNbot,,,,2022-12-23
2024-12-04,The Hobbit: The Desolation of Smaug,2013,https://boxd.it/7XNbo9,,,,2022-12-24
2024-12-04,The Hobbit: The Battle of the Five Armies,2014,https://boxd.it/7XNbnZ,,,,2022-12-25
2024-12-04,Glass Onion,2022,https://boxd.it/7XNbnF,,,,2022-12-26
2024-12-04,Knives Out,2019,https://boxd.it/7YagYH,4,,,2022-12-26
2024-12-04,"tick, tick... BOOM!",2021,https://boxd.it/7XNbnv,,,,2022-12-27
2024-12-04,No Time to Die,2021,https://boxd.it/7XNbnb,,,,2022-12-28
2024-12-04,Would I Lie to You?,1997,https://boxd.it/7YaduT,2.5,,,2023-01-15
2024-12-04,Babylon,2022,https://boxd.it/7XNbmR,,,,2023-01-18
2024-12-04,Almost Famous,2000,https://boxd.it/7XNbmx,,,,2023-01-28
2024-12-04,La Belle Époque,2019,https://boxd.it/7XNbmn,,,,2023-02-01
2024-12-04,Elvis,2022,https://boxd.it/7XNbmd,,,,2023-02-09
2024-12-04,Blade,1998,https://boxd.it/7XNbm3,,,,2023-02-18
2024-12-04,Lady Bird,2017,https://boxd.it/7XNblJ,,,,2023-03-11
2024-12-04,Dune,2021,https://boxd.it/7XNblT,,Yes,,2023-03-11
2024-12-04,It Boy,2013,https://boxd.it/7XNblz,,,,2023-03-19
2024-12-04,Bad Boys,1995,https://boxd.it/7XNblp,,,,2023-03-23
2024-12-04,The Fabelmans,2022,https://boxd.it/7XNbkL,,,,2023-04-02
2024-12-04,Rocketman,2019,https://boxd.it/7XNbkB,,,,2023-04-18
2024-12-04,Pulp Fiction,1994,https://boxd.it/7XNbkr,,,,2023-04-28
2024-12-04,Death Proof,2007,https://boxd.it/7XNbkh,,,,2023-05-29
2024-12-04,Forever Young,2022,https://boxd.it/7XNbk7,,,,2023-06-04
2024-12-04,John Wick,2014,https://boxd.it/7XNbjX,,,,2023-06-11
2024-12-04,John Wick: Chapter 2,2017,https://boxd.it/7XNbjD,,,,2023-07-01
2024-12-04,A Star Is Born,2018,https://boxd.it/7XNbjN,,,,2023-07-01
2024-12-04,John Wick: Chapter 3 – Parabellum,2019,https://boxd.it/7XNbjt,,,,2023-07-02
2024-12-04,Indiana Jones and the Dial of Destiny,2023,https://boxd.it/7XNbjj,,,,2023-07-07
2024-12-04,John Wick: Chapter 4,2023,https://boxd.it/7XNbj9,,,,2023-07-12
2024-12-04,Licorice Pizza,2021,https://boxd.it/7XNbiZ,,,,2023-07-15
2024-12-04,The Wolf of Wall Street,2013,https://boxd.it/7XNbiP,,,,2023-07-18
2024-12-04,The Big Short,2015,https://boxd.it/7XNbiF,,,,2023-07-19
2024-12-04,Ford v Ferrari,2019,https://boxd.it/7XNbiv,,,,2023-07-20
2024-12-04,The Fighter,2010,https://boxd.it/7XNbib,,,,2023-07-21
2024-12-04,Taxi Driver,1976,https://boxd.it/7XNbil,,Yes,,2023-07-21
2024-12-04,The 40 Year Old Virgin,2005,https://boxd.it/7XNbhR,,,,2023-07-22
2024-12-04,The Prestige,2006,https://boxd.it/7XNbhx,,,,2023-07-24
2024-12-04,"Someone, Somewhere",2019,https://boxd.it/7XNbhH,,,,2023-07-24
2024-12-04,Vice,2018,https://boxd.it/7XNbhd,,,,2023-07-25
2024-12-04,A Perfect Man,2015,https://boxd.it/7XNbhn,,,,2023-07-25
2024-12-04,Triangle of Sadness,2022,https://boxd.it/7XNbh3,,,,2023-07-26
2024-12-04,Memento,2000,https://boxd.it/7XNbgT,,,,2023-07-27
2024-12-04,The Wolf's Call,2019,https://boxd.it/7XNbgJ,,,,2023-07-28
2024-12-04,Inception,2010,https://boxd.it/7XNbfB,,Yes,,2023-07-29
2024-12-04,The French Minister,2013,https://boxd.it/7XNbfL,,,,2023-07-29
2024-12-04,Tenet,2020,https://boxd.it/7XNbfr,,,,2023-08-25
2024-12-04,Nightcrawler,2014,https://boxd.it/7XNbfh,,,,2023-09-16
2024-12-04,Delicious,2021,https://boxd.it/7XNbf7,,,,2023-09-17
2024-12-04,The World's End,2013,https://boxd.it/7XNbeX,,,,2023-09-23
2024-12-04,Rush,2013,https://boxd.it/7XNbeN,,,,2023-09-29
2024-12-04,Dallas Buyers Club,2013,https://boxd.it/7XNbeD,,,,2023-10-09
2024-12-04,What's in a Name,2012,https://boxd.it/7XNbet,,,,2023-10-23
2024-12-04,Hot Fuzz,2007,https://boxd.it/7XNbe9,,,,2023-10-26
2024-12-04,Shaun of the Dead,2004,https://boxd.it/7XNbej,,,,2023-10-26
2024-12-04,Love at Second Sight,2019,https://boxd.it/7XNbdZ,,,,2023-10-27
2024-12-04,Back to Burgundy,2017,https://boxd.it/7XNbdP,,,,2023-10-28
2024-12-04,The Stronghold,2021,https://boxd.it/7XNbdF,,,,2023-10-29
2024-12-04,Rise,2022,https://boxd.it/7XNbdv,,,,2023-11-01
2024-12-04,The Spanish Apartment,2002,https://boxd.it/7XNbdl,,,,2023-11-12
2024-12-04,Russian Dolls,2005,https://boxd.it/7XNbdb,,,,2023-11-13
2024-12-04,Chinese Puzzle,2013,https://boxd.it/7XNbd1,,,,2023-11-25
2024-12-04,Kyan Khojandi : Une bonne soirée,2023,https://boxd.it/7XNbcR,,,,2023-11-26
2024-12-04,Tenor,2022,https://boxd.it/7XNbmH,,,,2023-11-27
2024-12-04,Barbie,2023,https://boxd.it/7XNbcH,,,,2023-12-10
2024-12-04,Wonka,2023,https://boxd.it/7XNbcx,,,,2023-12-21
2024-12-04,Oppenheimer,2023,https://boxd.it/7XNbbJ,,,,2023-12-23
2024-12-04,Daniel Sloss: Socio,2022,https://boxd.it/7XNbcd,,,,2023-12-23
2024-12-04,Daniel Sloss: X,2019,https://boxd.it/7XNbcn,,,,2023-12-23
2024-12-04,Machete,2010,https://boxd.it/7XNbbz,,,,2023-12-28
2024-12-04,Anatomy of a Fall,2023,https://boxd.it/7XNbbp,,Yes,,2024-01-14
2024-12-04,Making Of,2023,https://boxd.it/7Ya4kZ,,,,2024-01-17
2024-12-04,Paris,2008,https://boxd.it/7XNbaV,,,,2024-01-21
2024-12-04,Poor Things,2023,https://boxd.it/7XNbaB,,Yes,,2024-01-31
2024-12-04,French Fried Vacation 2,1979,https://boxd.it/7XNbar,,Yes,,2024-02-01
2024-12-04,Killers of the Flower Moon,2023,https://boxd.it/7XNbah,,,,2024-02-02
2024-12-04,The Holdovers,2023,https://boxd.it/7XNba7,,,,2024-02-04
2024-12-04,Gran Turismo,2023,https://boxd.it/7XNb9X,,,,2024-02-10
2024-12-04,My Sole Desire,2022,https://boxd.it/7XNb9N,,,,2024-02-11
2024-12-04,All of Us Strangers,2023,https://boxd.it/7XNb9D,,,,2024-02-25
2024-12-04,Maestro,2023,https://boxd.it/7XNb9t,,,,2024-02-26
2024-12-04,Yannick,2023,https://boxd.it/7XNb99,,,,2024-02-28
2024-12-04,Junkyard Dog,2023,https://boxd.it/7XNb9j,,,,2024-02-28
2024-12-04,The Zone of Interest,2023,https://boxd.it/7XNb8Z,,,,2024-02-29
2024-12-04,Past Lives,2023,https://boxd.it/7XNb8P,,,,2024-03-03
2024-12-04,Dune,2021,https://boxd.it/7XNb8v,,,,2024-03-07
2024-12-04,American Fiction,2023,https://boxd.it/7XNb8F,,,,2024-03-07
2024-12-04,Dune: Part Two,2024,https://boxd.it/7XNb8l,,,,2024-03-13
2024-12-04,Anatomy of a Fall,2023,https://boxd.it/7XNb8b,,,,2024-03-19
2024-12-04,(500) Days of Summer,2009,https://boxd.it/7XNb81,,,,2024-03-20
2024-12-04,The Animal Kingdom,2023,https://boxd.it/7XNb7R,,,,2024-03-29
2024-12-04,One Life,2023,https://boxd.it/7Ya2Gf,4,,,2024-03-30
2024-12-04,The Three Musketeers: Milady,2023,https://boxd.it/7XNb6T,,Yes,,2024-04-09
2024-12-04,The Three Musketeers: D'Artagnan,2023,https://boxd.it/7XNb7x,,,,2024-04-09
2024-12-04,All Your Faces,2023,https://boxd.it/7XNb6z,,,,2024-04-15
2024-12-04,Humanist Vampire Seeking Consenting Suicidal Person,2023,https://boxd.it/7XNb6J,,,,2024-04-15
2024-12-04,Challengers,2024,https://boxd.it/7XNb6p,,,,2024-04-25
2024-12-04,Ruby & Quentin,2003,https://boxd.it/7XNb65,,,,2024-05-08
2024-12-04,Poor Things,2023,https://boxd.it/7XNb5V,5,,,2024-05-27
2024-12-04,The Count of Monte-Cristo,2024,https://boxd.it/7XNb5L,,,,2024-06-30
2024-12-04,We're the Millers,2013,https://boxd.it/7XNb5B,,,,2024-07-19
2024-12-04,Furiosa: A Mad Max Saga,2024,https://boxd.it/7XNb5h,,,,2024-08-01
2024-12-04,The Fall Guy,2024,https://boxd.it/7XNb5r,,,,2024-08-01
2024-12-04,Spirit of Ecstasy,2023,https://boxd.it/7XNb57,2.5,,,2024-08-03
2024-12-04,The Path of Excellence,2023,https://boxd.it/7XNb4X,,,,2024-08-04
2024-12-04,Victoria,2015,https://boxd.it/7XNb4N,,Yes,,2024-08-10
2024-12-04,The Book of Solutions,2023,https://boxd.it/7XNb4D,,,,2024-08-22
2024-12-04,Emilia Pérez,2024,https://boxd.it/7XNb4t,4,,,2024-08-23
2024-12-04,Trap,2024,https://boxd.it/7XNb4j,1,,,2024-08-30
2024-12-04,Civil War,2024,https://boxd.it/7XNb49,3,,,2024-09-07
2024-12-04,Murder on the Orient Express,2017,https://boxd.it/7XNb3Z,4,,,2024-09-14
2024-12-04,Death on the Nile,2022,https://boxd.it/7XNb3P,4,,,2024-09-15
2024-12-04,A Haunting in Venice,2023,https://boxd.it/7XNb3F,3.5,,,2024-09-17
2024-12-04,Beating Hearts,2024,https://boxd.it/7XNb3v,4.5,,,2024-10-20
2024-12-04,Sink or Swim,2018,https://boxd.it/7XNb3l,2.5,,,2024-11-01
2024-12-04,The Teachers' Lounge,2023,https://boxd.it/7XNb3b,2.5,,,2024-11-17
2024-11-29,A Little Something Extra,2024,https://boxd.it/7V7pb7,3.5,,,2024-11-18
2024-11-27,The Braid,2023,https://boxd.it/7Ub5Kb,3.5,,,2024-11-20
2024-11-27,The Whale,2022,https://boxd.it/7Ub561,3.5,,,2024-11-22
